 Case 2, Success, Response
,1,0.6457891
,1,0.6296608
,1,0.6792929
,1,0.6129672
,1,0.695407
,1,0.6831559
,1,0.6958008
,1,0.7182692
,1,0.7162184
,1,0.6463308
,0,1.159469
,0,1.391692
,0,0.5801521
,1,0.762067
,0,20.27729
,0,1.127348
,1,0.6822124
,1,0.6293574
,1,0.6792323
,1,0.8629988