 Case 4, Success, Response
,1,0.7538649
,1,0.65264
,1,0.686893
,1,0.6925694
,1,0.7201195
,0,0.6851474
,1,0.7529421
,1,0.7185699
,1,0.6184965
,1,0.8811467
,1,0.7552252
,1,0.6865844
,0,0.9676273
,0,0.2294052
,1,0.7185985
,1,0.7539757
,0,0.7534701
,0,0.9528684