 Case 3, Success, Response
,1,1.260063
,1,0.6492158
,1,0.7162967
,1,0.764447
,1,0.7149621
,1,0.6827992
,1,0.7170627
,1,0.6845865
,1,0.6972446
,1,0.7849284
,0,0.6499842
,1,1.575487
,1,0.6325787
,1,0.6835486
,1,0.6498223
,1,0.6812356
,1,1.138904
,1,0.6065351
,1,1.296775
,0,2.18752