 Case 1, Success, Response
,1,10.57143
,1,0.6295337
,1,0.6463723
,1,0.6792331
,1,0.5632663
,1,0.6461049
,1,0.5963995
,1,0.5798395
,1,1.375672
,1,0.6293655
,1,0.6887084
,1,0.7142596
,1,0.8610879
,1,0.7786326
,1,0.6291872
,1,0.7454984
,1,4.064254
,1,12.45985
,1,0.7619837
,1,0.6129665
,1,0.6129674
,0,0.6233585